Region Midtjylland;18;16415
Region Midtjylland;19;16764
Region Midtjylland;20;17836
Region Midtjylland;21;18615
Region Midtjylland;22;19208
Region Midtjylland;23;19369
Region Midtjylland;24;20009
Region Midtjylland;25;19091
Region Midtjylland;26;19609
Region Midtjylland;27;18623
Region Midtjylland;28;18594
Region Midtjylland;29;18022
Region Midtjylland;30;17828
Region Midtjylland;31;17352
Region Midtjylland;32;16884
Region Midtjylland;33;16253
Region Midtjylland;34;15888
Region Midtjylland;35;15422
Region Midtjylland;36;14939
Region Midtjylland;37;14609
Region Midtjylland;38;14382
Region Midtjylland;39;14696
Region Midtjylland;40;14926
Region Midtjylland;41;15346
Region Midtjylland;42;15593
Region Midtjylland;43;16273
Region Midtjylland;44;15977
Region Midtjylland;45;16947
Region Midtjylland;46;17772
Region Midtjylland;47;17110
Region Midtjylland;48;17442
Region Midtjylland;49;18278
Region Midtjylland;50;17687
Region Midtjylland;51;17024
Region Midtjylland;52;17029
Region Midtjylland;53;17511
Region Midtjylland;54;18699
Region Midtjylland;55;19013
Region Midtjylland;56;18844
Region Midtjylland;57;18164
Region Midtjylland;58;17556
Region Midtjylland;59;16922
Region Midtjylland;60;16205
Region Midtjylland;61;15989
Region Midtjylland;62;15613
Region Midtjylland;63;15404
Region Midtjylland;64;15470
Region Midtjylland;65;15251
Region Midtjylland;66;14932
Region Midtjylland;67;14789
Region Midtjylland;68;14873
Region Midtjylland;69;14261
Region Midtjylland;70;13887
Region Midtjylland;71;14000
Region Midtjylland;72;13640
Region Midtjylland;73;13836
Region Midtjylland;74;14301
Region Midtjylland;75;14318
Region Midtjylland;76;12863
Region Midtjylland;77;11821
Region Midtjylland;78;10333
Region Midtjylland;79;9391
Region Midtjylland;80;8105
Region Midtjylland;81;7643
Region Midtjylland;82;6904
Region Midtjylland;83;6414
Region Midtjylland;84;5727
Region Midtjylland;85;4983
Region Midtjylland;86;4409
Region Midtjylland;87;3678
Region Midtjylland;88;3011
Region Midtjylland;89;2639
Region Midtjylland;90;2231
Region Midtjylland;91;1860
Region Midtjylland;92;1530
Region Midtjylland;93;1197
Region Midtjylland;94;948
Region Midtjylland;95;756
Region Midtjylland;96;544
Region Midtjylland;97;401
Region Midtjylland;98;253
Region Midtjylland;99;170
Region Midtjylland;100;100
Region Midtjylland;101;76
Region Midtjylland;102;36
Region Midtjylland;103;25
Region Midtjylland;104;5
Region Midtjylland;105;7
Region Midtjylland;106;2
Region Midtjylland;107;2
Region Midtjylland;108;0
Region Midtjylland;109;0
Region Midtjylland;110;0
Region Midtjylland;111;1
Region Midtjylland;112;0
Region Midtjylland;113;0
Region Midtjylland;114;0
Region Midtjylland;115;0
Region Midtjylland;116;0
Region Midtjylland;117;0
Region Midtjylland;118;0
Region Midtjylland;119;0
Region Midtjylland;120;0
Region Midtjylland;121;0
Region Midtjylland;122;0
Region Midtjylland;123;0
Region Midtjylland;124;0
Region Midtjylland;125;0
Region Midtjylland;Subtotal;1069355
Favrskov;18;678
Favrskov;19;554
Favrskov;20;548
Favrskov;21;385
Favrskov;22;282
Favrskov;23;252
Favrskov;24;309
Favrskov;25;303
Favrskov;26;360
Favrskov;27;399
Favrskov;28;476
Favrskov;29;466
Favrskov;30;531
Favrskov;31;573
Favrskov;32;559
Favrskov;33;566
Favrskov;34;550
Favrskov;35;595
Favrskov;36;562
Favrskov;37;596
Favrskov;38;579
Favrskov;39;610
Favrskov;40;627
Favrskov;41;630
Favrskov;42;666
Favrskov;43;706
Favrskov;44;710
Favrskov;45;759
Favrskov;46;794
Favrskov;47;773
Favrskov;48;830
Favrskov;49;810
Favrskov;50;721
Favrskov;51;708
Favrskov;52;675
Favrskov;53;694
Favrskov;54;756
Favrskov;55;734
Favrskov;56;663
Favrskov;57;682
Favrskov;58;618
Favrskov;59;617
Favrskov;60;610
Favrskov;61;590
Favrskov;62;504
Favrskov;63;482
Favrskov;64;499
Favrskov;65;508
Favrskov;66;519
Favrskov;67;483
Favrskov;68;492
Favrskov;69;533
Favrskov;70;476
Favrskov;71;538
Favrskov;72;477
Favrskov;73;542
Favrskov;74;528
Favrskov;75;547
Favrskov;76;456
Favrskov;77;431
Favrskov;78;390
Favrskov;79;374
Favrskov;80;301
Favrskov;81;266
Favrskov;82;215
Favrskov;83;227
Favrskov;84;212
Favrskov;85;190
Favrskov;86;149
Favrskov;87;123
Favrskov;88;100
Favrskov;89;76
Favrskov;90;61
Favrskov;91;71
Favrskov;92;45
Favrskov;93;34
Favrskov;94;31
Favrskov;95;27
Favrskov;96;10
Favrskov;97;10
Favrskov;98;6
Favrskov;99;8
Favrskov;100;3
Favrskov;101;5
Favrskov;102;2
Favrskov;103;1
Favrskov;104;0
Favrskov;105;0
Favrskov;106;0
Favrskov;107;0
Favrskov;108;0
Favrskov;109;0
Favrskov;110;0
Favrskov;111;0
Favrskov;112;0
Favrskov;113;0
Favrskov;114;0
Favrskov;115;0
Favrskov;116;0
Favrskov;117;0
Favrskov;118;0
Favrskov;119;0
Favrskov;120;0
Favrskov;121;0
Favrskov;122;0
Favrskov;123;0
Favrskov;124;0
Favrskov;125;0
Favrskov;Subtotal;37058
Hedensted;18;647
Hedensted;19;579
Hedensted;20;508
Hedensted;21;379
Hedensted;22;311
Hedensted;23;318
Hedensted;24;328
Hedensted;25;392
Hedensted;26;404
Hedensted;27;394
Hedensted;28;461
Hedensted;29;510
Hedensted;30;524
Hedensted;31;489
Hedensted;32;504
Hedensted;33;473
Hedensted;34;522
Hedensted;35;502
Hedensted;36;499
Hedensted;37;536
Hedensted;38;549
Hedensted;39;554
Hedensted;40;524
Hedensted;41;627
Hedensted;42;585
Hedensted;43;612
Hedensted;44;654
Hedensted;45;686
Hedensted;46;719
Hedensted;47;693
Hedensted;48;654
Hedensted;49;723
Hedensted;50;715
Hedensted;51;706
Hedensted;52;692
Hedensted;53;716
Hedensted;54;762
Hedensted;55;782
Hedensted;56;786
Hedensted;57;736
Hedensted;58;645
Hedensted;59;664
Hedensted;60;649
Hedensted;61;607
Hedensted;62;590
Hedensted;63;613
Hedensted;64;587
Hedensted;65;622
Hedensted;66;562
Hedensted;67;512
Hedensted;68;527
Hedensted;69;522
Hedensted;70;486
Hedensted;71;517
Hedensted;72;472
Hedensted;73;505
Hedensted;74;521
Hedensted;75;559
Hedensted;76;458
Hedensted;77;445
Hedensted;78;408
Hedensted;79;367
Hedensted;80;281
Hedensted;81;290
Hedensted;82;251
Hedensted;83;220
Hedensted;84;198
Hedensted;85;201
Hedensted;86;176
Hedensted;87;157
Hedensted;88;109
Hedensted;89;111
Hedensted;90;98
Hedensted;91;75
Hedensted;92;68
Hedensted;93;40
Hedensted;94;37
Hedensted;95;37
Hedensted;96;26
Hedensted;97;17
Hedensted;98;11
Hedensted;99;2
Hedensted;100;4
Hedensted;101;5
Hedensted;102;1
Hedensted;103;0
Hedensted;104;0
Hedensted;105;0
Hedensted;106;0
Hedensted;107;0
Hedensted;108;0
Hedensted;109;0
Hedensted;110;0
Hedensted;111;0
Hedensted;112;0
Hedensted;113;0
Hedensted;114;0
Hedensted;115;0
Hedensted;116;0
Hedensted;117;0
Hedensted;118;0
Hedensted;119;0
Hedensted;120;0
Hedensted;121;0
Hedensted;122;0
Hedensted;123;0
Hedensted;124;0
Hedensted;125;0
Hedensted;Subtotal;37008
Horsens;18;1126
Horsens;19;1239
Horsens;20;1294
Horsens;21;1285
Horsens;22;1179
Horsens;23;1085
Horsens;24;1159
Horsens;25;1164
Horsens;26;1193
Horsens;27;1202
Horsens;28;1339
Horsens;29;1299
Horsens;30;1313
Horsens;31;1283
Horsens;32;1268
Horsens;33;1243
Horsens;34;1203
Horsens;35;1196
Horsens;36;1213
Horsens;37;1039
Horsens;38;1070
Horsens;39;1154
Horsens;40;1134
Horsens;41;1205
Horsens;42;1172
Horsens;43;1215
Horsens;44;1272
Horsens;45;1260
Horsens;46;1250
Horsens;47;1324
Horsens;48;1193
Horsens;49;1431
Horsens;50;1275
Horsens;51;1192
Horsens;52;1187
Horsens;53;1222
Horsens;54;1310
Horsens;55;1305
Horsens;56;1288
Horsens;57;1243
Horsens;58;1226
Horsens;59;1168
Horsens;60;1019
Horsens;61;1005
Horsens;62;970
Horsens;63;1035
Horsens;64;1020
Horsens;65;972
Horsens;66;975
Horsens;67;974
Horsens;68;986
Horsens;69;973
Horsens;70;967
Horsens;71;890
Horsens;72;949
Horsens;73;923
Horsens;74;960
Horsens;75;900
Horsens;76;903
Horsens;77;823
Horsens;78;684
Horsens;79;558
Horsens;80;516
Horsens;81;530
Horsens;82;440
Horsens;83;423
Horsens;84;370
Horsens;85;327
Horsens;86;296
Horsens;87;211
Horsens;88;199
Horsens;89;183
Horsens;90;134
Horsens;91;119
Horsens;92;90
Horsens;93;76
Horsens;94;71
Horsens;95;55
Horsens;96;38
Horsens;97;26
Horsens;98;26
Horsens;99;16
Horsens;100;13
Horsens;101;5
Horsens;102;1
Horsens;103;4
Horsens;104;1
Horsens;105;0
Horsens;106;1
Horsens;107;0
Horsens;108;0
Horsens;109;0
Horsens;110;0
Horsens;111;0
Horsens;112;0
Horsens;113;0
Horsens;114;0
Horsens;115;0
Horsens;116;0
Horsens;117;0
Horsens;118;0
Horsens;119;0
Horsens;120;0
Horsens;121;0
Horsens;122;0
Horsens;123;0
Horsens;124;0
Horsens;125;0
Horsens;Subtotal;74075
Norddjurs;18;474
Norddjurs;19;452
Norddjurs;20;428
Norddjurs;21;366
Norddjurs;22;297
Norddjurs;23;352
Norddjurs;24;341
Norddjurs;25;339
Norddjurs;26;358
Norddjurs;27;370
Norddjurs;28;417
Norddjurs;29;385
Norddjurs;30;402
Norddjurs;31;393
Norddjurs;32;391
Norddjurs;33;405
Norddjurs;34;338
Norddjurs;35;394
Norddjurs;36;348
Norddjurs;37;338
Norddjurs;38;341
Norddjurs;39;346
Norddjurs;40;370
Norddjurs;41;360
Norddjurs;42;401
Norddjurs;43;398
Norddjurs;44;398
Norddjurs;45;432
Norddjurs;46;458
Norddjurs;47;467
Norddjurs;48;458
Norddjurs;49;512
Norddjurs;50;475
Norddjurs;51;475
Norddjurs;52;512
Norddjurs;53;568
Norddjurs;54;578
Norddjurs;55;633
Norddjurs;56;667
Norddjurs;57;611
Norddjurs;58;622
Norddjurs;59;507
Norddjurs;60;569
Norddjurs;61;555
Norddjurs;62;546
Norddjurs;63;582
Norddjurs;64;538
Norddjurs;65;525
Norddjurs;66;593
Norddjurs;67;562
Norddjurs;68;534
Norddjurs;69;516
Norddjurs;70;528
Norddjurs;71;527
Norddjurs;72;513
Norddjurs;73;484
Norddjurs;74;510
Norddjurs;75;465
Norddjurs;76;441
Norddjurs;77;418
Norddjurs;78;398
Norddjurs;79;309
Norddjurs;80;282
Norddjurs;81;279
Norddjurs;82;255
Norddjurs;83;226
Norddjurs;84;206
Norddjurs;85;172
Norddjurs;86;167
Norddjurs;87;120
Norddjurs;88;129
Norddjurs;89;96
Norddjurs;90;85
Norddjurs;91;76
Norddjurs;92;54
Norddjurs;93;47
Norddjurs;94;39
Norddjurs;95;22
Norddjurs;96;18
Norddjurs;97;16
Norddjurs;98;8
Norddjurs;99;5
Norddjurs;100;3
Norddjurs;101;0
Norddjurs;102;1
Norddjurs;103;0
Norddjurs;104;0
Norddjurs;105;1
Norddjurs;106;0
Norddjurs;107;0
Norddjurs;108;0
Norddjurs;109;0
Norddjurs;110;0
Norddjurs;111;0
Norddjurs;112;0
Norddjurs;113;0
Norddjurs;114;0
Norddjurs;115;0
Norddjurs;116;0
Norddjurs;117;0
Norddjurs;118;0
Norddjurs;119;0
Norddjurs;120;0
Norddjurs;121;0
Norddjurs;122;0
Norddjurs;123;0
Norddjurs;124;0
Norddjurs;125;0
Norddjurs;Subtotal;30597
Odder;18;327
Odder;19;271
Odder;20;280
Odder;21;198
Odder;22;151
Odder;23;125
Odder;24;122
Odder;25;121
Odder;26;167
Odder;27;144
Odder;28;178
Odder;29;200
Odder;30;215
Odder;31;247
Odder;32;257
Odder;33;270
Odder;34;236
Odder;35;236
Odder;36;240
Odder;37;256
Odder;38;255
Odder;39;232
Odder;40;243
Odder;41;238
Odder;42;260
Odder;43;289
Odder;44;264
Odder;45;312
Odder;46;347
Odder;47;311
Odder;48;312
Odder;49;332
Odder;50;360
Odder;51;292
Odder;52;290
Odder;53;366
Odder;54;363
Odder;55;396
Odder;56;364
Odder;57;373
Odder;58;367
Odder;59;313
Odder;60;369
Odder;61;336
Odder;62;309
Odder;63;297
Odder;64;308
Odder;65;326
Odder;66;286
Odder;67;300
Odder;68;297
Odder;69;294
Odder;70;338
Odder;71;302
Odder;72;290
Odder;73;307
Odder;74;322
Odder;75;307
Odder;76;249
Odder;77;236
Odder;78;208
Odder;79;202
Odder;80;150
Odder;81;139
Odder;82;163
Odder;83;140
Odder;84;131
Odder;85;95
Odder;86;108
Odder;87;77
Odder;88;71
Odder;89;59
Odder;90;55
Odder;91;43
Odder;92;26
Odder;93;32
Odder;94;20
Odder;95;10
Odder;96;15
Odder;97;5
Odder;98;7
Odder;99;2
Odder;100;1
Odder;101;0
Odder;102;1
Odder;103;0
Odder;104;0
Odder;105;0
Odder;106;0
Odder;107;0
Odder;108;0
Odder;109;0
Odder;110;0
Odder;111;0
Odder;112;0
Odder;113;0
Odder;114;0
Odder;115;0
Odder;116;0
Odder;117;0
Odder;118;0
Odder;119;0
Odder;120;0
Odder;121;0
Odder;122;0
Odder;123;0
Odder;124;0
Odder;125;0
Odder;Subtotal;18353
Randers;18;1218
Randers;19;1233
Randers;20;1216
Randers;21;1115
Randers;22;1034
Randers;23;1053
Randers;24;1145
Randers;25;1134
Randers;26;1249
Randers;27;1270
Randers;28;1263
Randers;29;1270
Randers;30;1244
Randers;31;1244
Randers;32;1195
Randers;33;1165
Randers;34;1091
Randers;35;1181
Randers;36;1086
Randers;37;1042
Randers;38;1088
Randers;39;1086
Randers;40;1094
Randers;41;1154
Randers;42;1161
Randers;43;1317
Randers;44;1234
Randers;45;1318
Randers;46;1504
Randers;47;1348
Randers;48;1373
Randers;49;1485
Randers;50;1393
Randers;51;1432
Randers;52;1377
Randers;53;1380
Randers;54;1444
Randers;55;1499
Randers;56;1512
Randers;57;1380
Randers;58;1355
Randers;59;1314
Randers;60;1219
Randers;61;1216
Randers;62;1157
Randers;63;1129
Randers;64;1111
Randers;65;1139
Randers;66;1054
Randers;67;1103
Randers;68;1062
Randers;69;1053
Randers;70;1053
Randers;71;1030
Randers;72;1117
Randers;73;1106
Randers;74;1113
Randers;75;1145
Randers;76;1019
Randers;77;977
Randers;78;882
Randers;79;777
Randers;80;676
Randers;81;617
Randers;82;566
Randers;83;538
Randers;84;468
Randers;85;382
Randers;86;360
Randers;87;284
Randers;88;230
Randers;89;193
Randers;90;187
Randers;91;149
Randers;92;132
Randers;93;99
Randers;94;78
Randers;95;54
Randers;96;34
Randers;97;31
Randers;98;19
Randers;99;13
Randers;100;4
Randers;101;7
Randers;102;2
Randers;103;2
Randers;104;0
Randers;105;1
Randers;106;0
Randers;107;0
Randers;108;0
Randers;109;0
Randers;110;0
Randers;111;0
Randers;112;0
Randers;113;0
Randers;114;0
Randers;115;0
Randers;116;0
Randers;117;0
Randers;118;0
Randers;119;0
Randers;120;0
Randers;121;0
Randers;122;0
Randers;123;0
Randers;124;0
Randers;125;0
Randers;Subtotal;79284
Samsø;18;13
Samsø;19;15
Samsø;20;18
Samsø;21;24
Samsø;22;13
Samsø;23;16
Samsø;24;14
Samsø;25;11
Samsø;26;19
Samsø;27;16
Samsø;28;22
Samsø;29;23
Samsø;30;20
Samsø;31;29
Samsø;32;25
Samsø;33;19
Samsø;34;34
Samsø;35;30
Samsø;36;21
Samsø;37;29
Samsø;38;38
Samsø;39;32
Samsø;40;36
Samsø;41;28
Samsø;42;44
Samsø;43;41
Samsø;44;39
Samsø;45;35
Samsø;46;51
Samsø;47;47
Samsø;48;29
Samsø;49;47
Samsø;50;45
Samsø;51;37
Samsø;52;60
Samsø;53;59
Samsø;54;55
Samsø;55;52
Samsø;56;70
Samsø;57;61
Samsø;58;88
Samsø;59;75
Samsø;60;57
Samsø;61;79
Samsø;62;80
Samsø;63;79
Samsø;64;81
Samsø;65;78
Samsø;66;77
Samsø;67;90
Samsø;68;64
Samsø;69;66
Samsø;70;61
Samsø;71;71
Samsø;72;65
Samsø;73;71
Samsø;74;78
Samsø;75;64
Samsø;76;69
Samsø;77;54
Samsø;78;44
Samsø;79;48
Samsø;80;38
Samsø;81;42
Samsø;82;27
Samsø;83;23
Samsø;84;28
Samsø;85;36
Samsø;86;24
Samsø;87;19
Samsø;88;12
Samsø;89;13
Samsø;90;9
Samsø;91;11
Samsø;92;10
Samsø;93;4
Samsø;94;7
Samsø;95;6
Samsø;96;3
Samsø;97;4
Samsø;98;3
Samsø;99;1
Samsø;100;0
Samsø;101;0
Samsø;102;0
Samsø;103;0
Samsø;104;0
Samsø;105;1
Samsø;106;0
Samsø;107;0
Samsø;108;0
Samsø;109;0
Samsø;110;0
Samsø;111;0
Samsø;112;0
Samsø;113;0
Samsø;114;0
Samsø;115;0
Samsø;116;0
Samsø;117;0
Samsø;118;0
Samsø;119;0
Samsø;120;0
Samsø;121;0
Samsø;122;0
Samsø;123;0
Samsø;124;0
Samsø;125;0
Samsø;Subtotal;3177
Silkeborg;18;1315
Silkeborg;19;1249
Silkeborg;20;1111
Silkeborg;21;923
Silkeborg;22;764
Silkeborg;23;710
Silkeborg;24;773
Silkeborg;25;847
Silkeborg;26;966
Silkeborg;27;979
Silkeborg;28;1124
Silkeborg;29;1196
Silkeborg;30;1249
Silkeborg;31;1355
Silkeborg;32;1299
Silkeborg;33;1215
Silkeborg;34;1171
Silkeborg;35;1189
Silkeborg;36;1118
Silkeborg;37;1039
Silkeborg;38;1059
Silkeborg;39;1014
Silkeborg;40;1083
Silkeborg;41;1188
Silkeborg;42;1130
Silkeborg;43;1273
Silkeborg;44;1239
Silkeborg;45;1336
Silkeborg;46;1406
Silkeborg;47;1355
Silkeborg;48;1405
Silkeborg;49;1463
Silkeborg;50;1387
Silkeborg;51;1277
Silkeborg;52;1279
Silkeborg;53;1296
Silkeborg;54;1491
Silkeborg;55;1471
Silkeborg;56;1438
Silkeborg;57;1386
Silkeborg;58;1331
Silkeborg;59;1308
Silkeborg;60;1119
Silkeborg;61;1111
Silkeborg;62;1171
Silkeborg;63;1147
Silkeborg;64;1164
Silkeborg;65;1156
Silkeborg;66;1066
Silkeborg;67;1108
Silkeborg;68;1078
Silkeborg;69;1063
Silkeborg;70;1071
Silkeborg;71;1054
Silkeborg;72;1005
Silkeborg;73;1061
Silkeborg;74;1073
Silkeborg;75;1107
Silkeborg;76;948
Silkeborg;77;839
Silkeborg;78;763
Silkeborg;79;644
Silkeborg;80;560
Silkeborg;81;539
Silkeborg;82;473
Silkeborg;83;452
Silkeborg;84;411
Silkeborg;85;337
Silkeborg;86;302
Silkeborg;87;253
Silkeborg;88;228
Silkeborg;89;179
Silkeborg;90;160
Silkeborg;91;129
Silkeborg;92;102
Silkeborg;93;83
Silkeborg;94;56
Silkeborg;95;54
Silkeborg;96;42
Silkeborg;97;29
Silkeborg;98;11
Silkeborg;99;17
Silkeborg;100;4
Silkeborg;101;6
Silkeborg;102;4
Silkeborg;103;3
Silkeborg;104;0
Silkeborg;105;1
Silkeborg;106;0
Silkeborg;107;0
Silkeborg;108;0
Silkeborg;109;0
Silkeborg;110;0
Silkeborg;111;0
Silkeborg;112;0
Silkeborg;113;0
Silkeborg;114;0
Silkeborg;115;0
Silkeborg;116;0
Silkeborg;117;0
Silkeborg;118;0
Silkeborg;119;0
Silkeborg;120;0
Silkeborg;121;0
Silkeborg;122;0
Silkeborg;123;0
Silkeborg;124;0
Silkeborg;125;0
Silkeborg;Subtotal;75390
Skanderborg;18;855
Skanderborg;19;794
Skanderborg;20;677
Skanderborg;21;542
Skanderborg;22;332
Skanderborg;23;290
Skanderborg;24;323
Skanderborg;25;323
Skanderborg;26;346
Skanderborg;27;439
Skanderborg;28;506
Skanderborg;29;612
Skanderborg;30;676
Skanderborg;31;768
Skanderborg;32;781
Skanderborg;33;834
Skanderborg;34;856
Skanderborg;35;833
Skanderborg;36;858
Skanderborg;37;830
Skanderborg;38;837
Skanderborg;39;838
Skanderborg;40;767
Skanderborg;41;842
Skanderborg;42;856
Skanderborg;43;898
Skanderborg;44;881
Skanderborg;45;968
Skanderborg;46;1036
Skanderborg;47;923
Skanderborg;48;967
Skanderborg;49;1040
Skanderborg;50;960
Skanderborg;51;917
Skanderborg;52;879
Skanderborg;53;882
Skanderborg;54;929
Skanderborg;55;955
Skanderborg;56;958
Skanderborg;57;861
Skanderborg;58;866
Skanderborg;59;795
Skanderborg;60;739
Skanderborg;61;713
Skanderborg;62;723
Skanderborg;63;675
Skanderborg;64;714
Skanderborg;65;648
Skanderborg;66;687
Skanderborg;67;642
Skanderborg;68;686
Skanderborg;69;673
Skanderborg;70;648
Skanderborg;71;659
Skanderborg;72;638
Skanderborg;73;680
Skanderborg;74;680
Skanderborg;75;680
Skanderborg;76;622
Skanderborg;77;554
Skanderborg;78;443
Skanderborg;79;424
Skanderborg;80;325
Skanderborg;81;323
Skanderborg;82;294
Skanderborg;83;259
Skanderborg;84;261
Skanderborg;85;199
Skanderborg;86;180
Skanderborg;87;146
Skanderborg;88;102
Skanderborg;89;102
Skanderborg;90;78
Skanderborg;91;64
Skanderborg;92;61
Skanderborg;93;40
Skanderborg;94;42
Skanderborg;95;28
Skanderborg;96;23
Skanderborg;97;6
Skanderborg;98;10
Skanderborg;99;5
Skanderborg;100;3
Skanderborg;101;1
Skanderborg;102;1
Skanderborg;103;0
Skanderborg;104;0
Skanderborg;105;0
Skanderborg;106;0
Skanderborg;107;0
Skanderborg;108;0
Skanderborg;109;0
Skanderborg;110;0
Skanderborg;111;0
Skanderborg;112;0
Skanderborg;113;0
Skanderborg;114;0
Skanderborg;115;0
Skanderborg;116;0
Skanderborg;117;0
Skanderborg;118;0
Skanderborg;119;0
Skanderborg;120;0
Skanderborg;121;0
Skanderborg;122;0
Skanderborg;123;0
Skanderborg;124;0
Skanderborg;125;0
Skanderborg;Subtotal;47811
Syddjurs;18;501
Syddjurs;19;483
Syddjurs;20;451
Syddjurs;21;312
Syddjurs;22;282
Syddjurs;23;239
Syddjurs;24;278
Syddjurs;25;270
Syddjurs;26;290
Syddjurs;27;304
Syddjurs;28;344
Syddjurs;29;388
Syddjurs;30;412
Syddjurs;31;473
Syddjurs;32;434
Syddjurs;33;479
Syddjurs;34;449
Syddjurs;35;406
Syddjurs;36;443
Syddjurs;37;464
Syddjurs;38;466
Syddjurs;39;450
Syddjurs;40;478
Syddjurs;41;477
Syddjurs;42;479
Syddjurs;43;539
Syddjurs;44;497
Syddjurs;45;588
Syddjurs;46;621
Syddjurs;47;595
Syddjurs;48;586
Syddjurs;49;622
Syddjurs;50;576
Syddjurs;51;616
Syddjurs;52;600
Syddjurs;53;582
Syddjurs;54;708
Syddjurs;55;698
Syddjurs;56;686
Syddjurs;57;642
Syddjurs;58;714
Syddjurs;59;652
Syddjurs;60;622
Syddjurs;61;609
Syddjurs;62;623
Syddjurs;63;601
Syddjurs;64;645
Syddjurs;65;637
Syddjurs;66;601
Syddjurs;67;695
Syddjurs;68;649
Syddjurs;69;575
Syddjurs;70;611
Syddjurs;71;572
Syddjurs;72;591
Syddjurs;73;620
Syddjurs;74;643
Syddjurs;75;611
Syddjurs;76;600
Syddjurs;77;558
Syddjurs;78;448
Syddjurs;79;385
Syddjurs;80;374
Syddjurs;81;332
Syddjurs;82;271
Syddjurs;83;282
Syddjurs;84;249
Syddjurs;85;200
Syddjurs;86;171
Syddjurs;87;137
Syddjurs;88;111
Syddjurs;89;116
Syddjurs;90;83
Syddjurs;91;73
Syddjurs;92;52
Syddjurs;93;36
Syddjurs;94;25
Syddjurs;95;28
Syddjurs;96;19
Syddjurs;97;17
Syddjurs;98;4
Syddjurs;99;3
Syddjurs;100;1
Syddjurs;101;0
Syddjurs;102;0
Syddjurs;103;0
Syddjurs;104;0
Syddjurs;105;0
Syddjurs;106;1
Syddjurs;107;0
Syddjurs;108;0
Syddjurs;109;0
Syddjurs;110;0
Syddjurs;111;0
Syddjurs;112;0
Syddjurs;113;0
Syddjurs;114;0
Syddjurs;115;0
Syddjurs;116;0
Syddjurs;117;0
Syddjurs;118;0
Syddjurs;119;0
Syddjurs;120;0
Syddjurs;121;0
Syddjurs;122;0
Syddjurs;123;0
Syddjurs;124;0
Syddjurs;125;0
Syddjurs;Subtotal;35055
Aarhus;18;3553
Aarhus;19;4259
Aarhus;20;5988
Aarhus;21;8647
Aarhus;22;10542
Aarhus;23;11185
Aarhus;24;11174
Aarhus;25;10093
Aarhus;26;9623
Aarhus;27;8555
Aarhus;28;7604
Aarhus;29;6871
Aarhus;30;6306
Aarhus;31;5681
Aarhus;32;5370
Aarhus;33;4858
Aarhus;34;4662
Aarhus;35;4319
Aarhus;36;3981
Aarhus;37;3957
Aarhus;38;3740
Aarhus;39;3896
Aarhus;40;3742
Aarhus;41;3757
Aarhus;42;3741
Aarhus;43;3704
Aarhus;44;3492
Aarhus;45;3688
Aarhus;46;3865
Aarhus;47;3821
Aarhus;48;3826
Aarhus;49;4022
Aarhus;50;3896
Aarhus;51;3688
Aarhus;52;3777
Aarhus;53;3799
Aarhus;54;3952
Aarhus;55;4038
Aarhus;56;3985
Aarhus;57;3822
Aarhus;58;3678
Aarhus;59;3632
Aarhus;60;3544
Aarhus;61;3529
Aarhus;62;3348
Aarhus;63;3334
Aarhus;64;3337
Aarhus;65;3246
Aarhus;66;3165
Aarhus;67;3078
Aarhus;68;3128
Aarhus;69;3039
Aarhus;70;2735
Aarhus;71;2902
Aarhus;72;2742
Aarhus;73;2665
Aarhus;74;2862
Aarhus;75;2811
Aarhus;76;2477
Aarhus;77;2336
Aarhus;78;1992
Aarhus;79;1831
Aarhus;80;1563
Aarhus;81;1454
Aarhus;82;1376
Aarhus;83;1257
Aarhus;84;1151
Aarhus;85;978
Aarhus;86;817
Aarhus;87;706
Aarhus;88;609
Aarhus;89;538
Aarhus;90;418
Aarhus;91;383
Aarhus;92;285
Aarhus;93;241
Aarhus;94;203
Aarhus;95;162
Aarhus;96;114
Aarhus;97;87
Aarhus;98;67
Aarhus;99;36
Aarhus;100;25
Aarhus;101;17
Aarhus;102;8
Aarhus;103;5
Aarhus;104;1
Aarhus;105;2
Aarhus;106;0
Aarhus;107;0
Aarhus;108;0
Aarhus;109;0
Aarhus;110;0
Aarhus;111;1
Aarhus;112;0
Aarhus;113;0
Aarhus;114;0
Aarhus;115;0
Aarhus;116;0
Aarhus;117;0
Aarhus;118;0
Aarhus;119;0
Aarhus;120;0
Aarhus;121;0
Aarhus;122;0
Aarhus;123;0
Aarhus;124;0
Aarhus;125;0
Aarhus;Subtotal;291394
Herning;18;1138
Herning;19;1188
Herning;20;1277
Herning;21;1096
Herning;22;1027
Herning;23;937
Herning;24;985
Herning;25;999
Herning;26;1048
Herning;27;1100
Herning;28;1111
Herning;29;1102
Herning;30;1142
Herning;31;1060
Herning;32;1075
Herning;33;1019
Herning;34;1062
Herning;35;980
Herning;36;988
Herning;37;928
Herning;38;950
Herning;39;939
Herning;40;1070
Herning;41;970
Herning;42;1090
Herning;43;1125
Herning;44;1135
Herning;45;1175
Herning;46;1234
Herning;47;1158
Herning;48;1229
Herning;49;1193
Herning;50;1261
Herning;51;1250
Herning;52;1230
Herning;53;1226
Herning;54;1271
Herning;55;1341
Herning;56;1285
Herning;57;1286
Herning;58;1222
Herning;59;1120
Herning;60;1115
Herning;61;1089
Herning;62;1100
Herning;63;1054
Herning;64;1029
Herning;65;988
Herning;66;977
Herning;67;985
Herning;68;1009
Herning;69;943
Herning;70;928
Herning;71;936
Herning;72;896
Herning;73;935
Herning;74;968
Herning;75;951
Herning;76;882
Herning;77;792
Herning;78;716
Herning;79;677
Herning;80;585
Herning;81;558
Herning;82;515
Herning;83;441
Herning;84;372
Herning;85;358
Herning;86;327
Herning;87;278
Herning;88;205
Herning;89;171
Herning;90;192
Herning;91;110
Herning;92;104
Herning;93;95
Herning;94;61
Herning;95;49
Herning;96;42
Herning;97;26
Herning;98;7
Herning;99;3
Herning;100;10
Herning;101;4
Herning;102;3
Herning;103;2
Herning;104;0
Herning;105;0
Herning;106;0
Herning;107;0
Herning;108;0
Herning;109;0
Herning;110;0
Herning;111;0
Herning;112;0
Herning;113;0
Herning;114;0
Herning;115;0
Herning;116;0
Herning;117;0
Herning;118;0
Herning;119;0
Herning;120;0
Herning;121;0
Herning;122;0
Herning;123;0
Herning;124;0
Herning;125;0
Herning;Subtotal;70510
Holstebro;18;734
Holstebro;19;811
Holstebro;20;729
Holstebro;21;692
Holstebro;22;647
Holstebro;23;600
Holstebro;24;625
Holstebro;25;649
Holstebro;26;712
Holstebro;27;710
Holstebro;28;688
Holstebro;29;731
Holstebro;30;753
Holstebro;31;678
Holstebro;32;712
Holstebro;33;669
Holstebro;34;688
Holstebro;35;646
Holstebro;36;631
Holstebro;37;618
Holstebro;38;605
Holstebro;39;620
Holstebro;40;668
Holstebro;41;699
Holstebro;42;689
Holstebro;43;695
Holstebro;44;708
Holstebro;45;756
Holstebro;46;754
Holstebro;47;714
Holstebro;48;758
Holstebro;49;785
Holstebro;50;745
Holstebro;51;733
Holstebro;52;743
Holstebro;53;695
Holstebro;54;825
Holstebro;55;811
Holstebro;56;818
Holstebro;57;825
Holstebro;58;838
Holstebro;59;780
Holstebro;60;756
Holstebro;61;749
Holstebro;62;709
Holstebro;63;687
Holstebro;64;696
Holstebro;65;745
Holstebro;66;685
Holstebro;67;688
Holstebro;68;753
Holstebro;69;679
Holstebro;70;602
Holstebro;71;681
Holstebro;72;610
Holstebro;73;606
Holstebro;74;676
Holstebro;75;654
Holstebro;76;595
Holstebro;77;533
Holstebro;78;500
Holstebro;79;423
Holstebro;80;368
Holstebro;81;385
Holstebro;82;351
Holstebro;83;308
Holstebro;84;269
Holstebro;85;247
Holstebro;86;231
Holstebro;87;173
Holstebro;88;145
Holstebro;89;124
Holstebro;90;111
Holstebro;91;75
Holstebro;92;82
Holstebro;93;62
Holstebro;94;46
Holstebro;95;35
Holstebro;96;29
Holstebro;97;20
Holstebro;98;7
Holstebro;99;8
Holstebro;100;5
Holstebro;101;3
Holstebro;102;1
Holstebro;103;0
Holstebro;104;0
Holstebro;105;1
Holstebro;106;0
Holstebro;107;0
Holstebro;108;0
Holstebro;109;0
Holstebro;110;0
Holstebro;111;0
Holstebro;112;0
Holstebro;113;0
Holstebro;114;0
Holstebro;115;0
Holstebro;116;0
Holstebro;117;0
Holstebro;118;0
Holstebro;119;0
Holstebro;120;0
Holstebro;121;0
Holstebro;122;0
Holstebro;123;0
Holstebro;124;0
Holstebro;125;0
Holstebro;Subtotal;46100
Ikast-Brande;18;575
Ikast-Brande;19;541
Ikast-Brande;20;477
Ikast-Brande;21;341
Ikast-Brande;22;345
Ikast-Brande;23;354
Ikast-Brande;24;352
Ikast-Brande;25;364
Ikast-Brande;26;457
Ikast-Brande;27;396
Ikast-Brande;28;481
Ikast-Brande;29;452
Ikast-Brande;30;531
Ikast-Brande;31;511
Ikast-Brande;32;452
Ikast-Brande;33;510
Ikast-Brande;34;490
Ikast-Brande;35;531
Ikast-Brande;36;500
Ikast-Brande;37;470
Ikast-Brande;38;513
Ikast-Brande;39;515
Ikast-Brande;40;496
Ikast-Brande;41;534
Ikast-Brande;42;558
Ikast-Brande;43;538
Ikast-Brande;44;532
Ikast-Brande;45;580
Ikast-Brande;46;634
Ikast-Brande;47;566
Ikast-Brande;48;584
Ikast-Brande;49;558
Ikast-Brande;50;606
Ikast-Brande;51;556
Ikast-Brande;52;549
Ikast-Brande;53;593
Ikast-Brande;54;632
Ikast-Brande;55;574
Ikast-Brande;56;637
Ikast-Brande;57;628
Ikast-Brande;58;550
Ikast-Brande;59;554
Ikast-Brande;60;515
Ikast-Brande;61;541
Ikast-Brande;62;506
Ikast-Brande;63;479
Ikast-Brande;64;518
Ikast-Brande;65;506
Ikast-Brande;66;483
Ikast-Brande;67;465
Ikast-Brande;68;490
Ikast-Brande;69;467
Ikast-Brande;70;435
Ikast-Brande;71;459
Ikast-Brande;72;447
Ikast-Brande;73;463
Ikast-Brande;74;490
Ikast-Brande;75;483
Ikast-Brande;76;456
Ikast-Brande;77;371
Ikast-Brande;78;341
Ikast-Brande;79;343
Ikast-Brande;80;273
Ikast-Brande;81;242
Ikast-Brande;82;230
Ikast-Brande;83;197
Ikast-Brande;84;185
Ikast-Brande;85;155
Ikast-Brande;86;152
Ikast-Brande;87;116
Ikast-Brande;88;91
Ikast-Brande;89;78
Ikast-Brande;90;73
Ikast-Brande;91;65
Ikast-Brande;92;61
Ikast-Brande;93;38
Ikast-Brande;94;26
Ikast-Brande;95;19
Ikast-Brande;96;17
Ikast-Brande;97;11
Ikast-Brande;98;9
Ikast-Brande;99;5
Ikast-Brande;100;1
Ikast-Brande;101;3
Ikast-Brande;102;1
Ikast-Brande;103;2
Ikast-Brande;104;0
Ikast-Brande;105;0
Ikast-Brande;106;0
Ikast-Brande;107;0
Ikast-Brande;108;0
Ikast-Brande;109;0
Ikast-Brande;110;0
Ikast-Brande;111;0
Ikast-Brande;112;0
Ikast-Brande;113;0
Ikast-Brande;114;0
Ikast-Brande;115;0
Ikast-Brande;116;0
Ikast-Brande;117;0
Ikast-Brande;118;0
Ikast-Brande;119;0
Ikast-Brande;120;0
Ikast-Brande;121;0
Ikast-Brande;122;0
Ikast-Brande;123;0
Ikast-Brande;124;0
Ikast-Brande;125;0
Ikast-Brande;Subtotal;32925
Lemvig;18;267
Lemvig;19;239
Lemvig;20;254
Lemvig;21;200
Lemvig;22;154
Lemvig;23;138
Lemvig;24;132
Lemvig;25;144
Lemvig;26;172
Lemvig;27;144
Lemvig;28;165
Lemvig;29;173
Lemvig;30;177
Lemvig;31;175
Lemvig;32;175
Lemvig;33;202
Lemvig;34;188
Lemvig;35;175
Lemvig;36;160
Lemvig;37;173
Lemvig;38;167
Lemvig;39;156
Lemvig;40;161
Lemvig;41;184
Lemvig;42;175
Lemvig;43;211
Lemvig;44;238
Lemvig;45;224
Lemvig;46;240
Lemvig;47;216
Lemvig;48;240
Lemvig;49;253
Lemvig;50;243
Lemvig;51;265
Lemvig;52;249
Lemvig;53;330
Lemvig;54;301
Lemvig;55;347
Lemvig;56;335
Lemvig;57;355
Lemvig;58;298
Lemvig;59;321
Lemvig;60;290
Lemvig;61;324
Lemvig;62;286
Lemvig;63;303
Lemvig;64;305
Lemvig;65;320
Lemvig;66;303
Lemvig;67;313
Lemvig;68;280
Lemvig;69;244
Lemvig;70;284
Lemvig;71;268
Lemvig;72;267
Lemvig;73;294
Lemvig;74;261
Lemvig;75;298
Lemvig;76;260
Lemvig;77;211
Lemvig;78;204
Lemvig;79;217
Lemvig;80;180
Lemvig;81;151
Lemvig;82;144
Lemvig;83;150
Lemvig;84;109
Lemvig;85;106
Lemvig;86;94
Lemvig;87;79
Lemvig;88;62
Lemvig;89;50
Lemvig;90;52
Lemvig;91;57
Lemvig;92;37
Lemvig;93;24
Lemvig;94;15
Lemvig;95;9
Lemvig;96;13
Lemvig;97;5
Lemvig;98;2
Lemvig;99;3
Lemvig;100;4
Lemvig;101;1
Lemvig;102;2
Lemvig;103;2
Lemvig;104;0
Lemvig;105;0
Lemvig;106;0
Lemvig;107;0
Lemvig;108;0
Lemvig;109;0
Lemvig;110;0
Lemvig;111;0
Lemvig;112;0
Lemvig;113;0
Lemvig;114;0
Lemvig;115;0
Lemvig;116;0
Lemvig;117;0
Lemvig;118;0
Lemvig;119;0
Lemvig;120;0
Lemvig;121;0
Lemvig;122;0
Lemvig;123;0
Lemvig;124;0
Lemvig;125;0
Lemvig;Subtotal;15999
Ringkøbing-Skjern;18;802
Ringkøbing-Skjern;19;800
Ringkøbing-Skjern;20;670
Ringkøbing-Skjern;21;510
Ringkøbing-Skjern;22;446
Ringkøbing-Skjern;23;405
Ringkøbing-Skjern;24;485
Ringkøbing-Skjern;25;470
Ringkøbing-Skjern;26;500
Ringkøbing-Skjern;27;563
Ringkøbing-Skjern;28;584
Ringkøbing-Skjern;29;599
Ringkøbing-Skjern;30;599
Ringkøbing-Skjern;31;602
Ringkøbing-Skjern;32;582
Ringkøbing-Skjern;33;588
Ringkøbing-Skjern;34;571
Ringkøbing-Skjern;35;569
Ringkøbing-Skjern;36;561
Ringkøbing-Skjern;37;572
Ringkøbing-Skjern;38;553
Ringkøbing-Skjern;39;536
Ringkøbing-Skjern;40;586
Ringkøbing-Skjern;41;646
Ringkøbing-Skjern;42;632
Ringkøbing-Skjern;43;680
Ringkøbing-Skjern;44;664
Ringkøbing-Skjern;45;724
Ringkøbing-Skjern;46;756
Ringkøbing-Skjern;47;689
Ringkøbing-Skjern;48;785
Ringkøbing-Skjern;49;719
Ringkøbing-Skjern;50;764
Ringkøbing-Skjern;51;740
Ringkøbing-Skjern;52;764
Ringkøbing-Skjern;53;820
Ringkøbing-Skjern;54;837
Ringkøbing-Skjern;55;826
Ringkøbing-Skjern;56;881
Ringkøbing-Skjern;57;870
Ringkøbing-Skjern;58;839
Ringkøbing-Skjern;59;839
Ringkøbing-Skjern;60;794
Ringkøbing-Skjern;61;749
Ringkøbing-Skjern;62;780
Ringkøbing-Skjern;63;764
Ringkøbing-Skjern;64;773
Ringkøbing-Skjern;65;715
Ringkøbing-Skjern;66;734
Ringkøbing-Skjern;67;681
Ringkøbing-Skjern;68;752
Ringkøbing-Skjern;69;674
Ringkøbing-Skjern;70;666
Ringkøbing-Skjern;71;692
Ringkøbing-Skjern;72;708
Ringkøbing-Skjern;73;691
Ringkøbing-Skjern;74;638
Ringkøbing-Skjern;75;686
Ringkøbing-Skjern;76;652
Ringkøbing-Skjern;77;569
Ringkøbing-Skjern;78;483
Ringkøbing-Skjern;79;429
Ringkøbing-Skjern;80;436
Ringkøbing-Skjern;81;414
Ringkøbing-Skjern;82;332
Ringkøbing-Skjern;83;373
Ringkøbing-Skjern;84;288
Ringkøbing-Skjern;85;271
Ringkøbing-Skjern;86;242
Ringkøbing-Skjern;87;212
Ringkøbing-Skjern;88;177
Ringkøbing-Skjern;89;145
Ringkøbing-Skjern;90;88
Ringkøbing-Skjern;91;91
Ringkøbing-Skjern;92;88
Ringkøbing-Skjern;93;80
Ringkøbing-Skjern;94;58
Ringkøbing-Skjern;95;47
Ringkøbing-Skjern;96;26
Ringkøbing-Skjern;97;23
Ringkøbing-Skjern;98;16
Ringkøbing-Skjern;99;11
Ringkøbing-Skjern;100;3
Ringkøbing-Skjern;101;8
Ringkøbing-Skjern;102;1
Ringkøbing-Skjern;103;0
Ringkøbing-Skjern;104;0
Ringkøbing-Skjern;105;0
Ringkøbing-Skjern;106;0
Ringkøbing-Skjern;107;0
Ringkøbing-Skjern;108;0
Ringkøbing-Skjern;109;0
Ringkøbing-Skjern;110;0
Ringkøbing-Skjern;111;0
Ringkøbing-Skjern;112;0
Ringkøbing-Skjern;113;0
Ringkøbing-Skjern;114;0
Ringkøbing-Skjern;115;0
Ringkøbing-Skjern;116;0
Ringkøbing-Skjern;117;0
Ringkøbing-Skjern;118;0
Ringkøbing-Skjern;119;0
Ringkøbing-Skjern;120;0
Ringkøbing-Skjern;121;0
Ringkøbing-Skjern;122;0
Ringkøbing-Skjern;123;0
Ringkøbing-Skjern;124;0
Ringkøbing-Skjern;125;0
Ringkøbing-Skjern;Subtotal;44688
Skive;18;527
Skive;19;539
Skive;20;528
Skive;21;457
Skive;22;381
Skive;23;369
Skive;24;397
Skive;25;382
Skive;26;489
Skive;27;430
Skive;28;485
Skive;29;484
Skive;30;435
Skive;31;461
Skive;32;462
Skive;33;489
Skive;34;497
Skive;35;441
Skive;36;458
Skive;37;432
Skive;38;411
Skive;39;444
Skive;40;481
Skive;41;463
Skive;42;495
Skive;43;563
Skive;44;516
Skive;45;554
Skive;46;574
Skive;47;543
Skive;48;614
Skive;49;621
Skive;50;627
Skive;51;594
Skive;52;615
Skive;53;616
Skive;54;680
Skive;55;735
Skive;56;704
Skive;57;695
Skive;58;673
Skive;59;677
Skive;60;681
Skive;61;653
Skive;62;668
Skive;63;644
Skive;64;627
Skive;65;636
Skive;66;675
Skive;67;653
Skive;68;595
Skive;69;604
Skive;70;622
Skive;71;549
Skive;72;542
Skive;73;552
Skive;74;597
Skive;75;609
Skive;76;499
Skive;77;511
Skive;78;426
Skive;79;439
Skive;80;370
Skive;81;347
Skive;82;300
Skive;83;261
Skive;84;266
Skive;85;222
Skive;86;204
Skive;87;175
Skive;88;130
Skive;89;138
Skive;90;103
Skive;91;80
Skive;92;72
Skive;93;54
Skive;94;40
Skive;95;39
Skive;96;23
Skive;97;19
Skive;98;10
Skive;99;11
Skive;100;7
Skive;101;4
Skive;102;1
Skive;103;0
Skive;104;0
Skive;105;0
Skive;106;0
Skive;107;0
Skive;108;0
Skive;109;0
Skive;110;0
Skive;111;0
Skive;112;0
Skive;113;0
Skive;114;0
Skive;115;0
Skive;116;0
Skive;117;0
Skive;118;0
Skive;119;0
Skive;120;0
Skive;121;0
Skive;122;0
Skive;123;0
Skive;124;0
Skive;125;0
Skive;Subtotal;36696
Struer;18;304
Struer;19;253
Struer;20;234
Struer;21;174
Struer;22;177
Struer;23;157
Struer;24;158
Struer;25;120
Struer;26;162
Struer;27;160
Struer;28;208
Struer;29;158
Struer;30;211
Struer;31;187
Struer;32;188
Struer;33;177
Struer;34;197
Struer;35;181
Struer;36;182
Struer;37;198
Struer;38;182
Struer;39;226
Struer;40;194
Struer;41;227
Struer;42;217
Struer;43;228
Struer;44;238
Struer;45;270
Struer;46;272
Struer;47;261
Struer;48;284
Struer;49;295
Struer;50;318
Struer;51;260
Struer;52;285
Struer;53;313
Struer;54;322
Struer;55;347
Struer;56;339
Struer;57;331
Struer;58;301
Struer;59;284
Struer;60;279
Struer;61;301
Struer;62;312
Struer;63;277
Struer;64;303
Struer;65;311
Struer;66;300
Struer;67;307
Struer;68;313
Struer;69;323
Struer;70;286
Struer;71;319
Struer;72;289
Struer;73;298
Struer;74;297
Struer;75;318
Struer;76;306
Struer;77;258
Struer;78;214
Struer;79;216
Struer;80;174
Struer;81;150
Struer;82;150
Struer;83;138
Struer;84;114
Struer;85;105
Struer;86;81
Struer;87;93
Struer;88;69
Struer;89;51
Struer;90;48
Struer;91;35
Struer;92;30
Struer;93;20
Struer;94;14
Struer;95;17
Struer;96;8
Struer;97;18
Struer;98;3
Struer;99;7
Struer;100;1
Struer;101;2
Struer;102;1
Struer;103;0
Struer;104;1
Struer;105;0
Struer;106;0
Struer;107;1
Struer;108;0
Struer;109;0
Struer;110;0
Struer;111;0
Struer;112;0
Struer;113;0
Struer;114;0
Struer;115;0
Struer;116;0
Struer;117;0
Struer;118;0
Struer;119;0
Struer;120;0
Struer;121;0
Struer;122;0
Struer;123;0
Struer;124;0
Struer;125;0
Struer;Subtotal;16938
Viborg;18;1361
Viborg;19;1265
Viborg;20;1148
Viborg;21;969
Viborg;22;844
Viborg;23;784
Viborg;24;909
Viborg;25;966
Viborg;26;1094
Viborg;27;1048
Viborg;28;1138
Viborg;29;1103
Viborg;30;1088
Viborg;31;1143
Viborg;32;1155
Viborg;33;1072
Viborg;34;1083
Viborg;35;1018
Viborg;36;1090
Viborg;37;1092
Viborg;38;979
Viborg;39;1048
Viborg;40;1172
Viborg;41;1117
Viborg;42;1242
Viborg;43;1241
Viborg;44;1266
Viborg;45;1282
Viborg;46;1257
Viborg;47;1306
Viborg;48;1315
Viborg;49;1367
Viborg;50;1320
Viborg;51;1286
Viborg;52;1266
Viborg;53;1354
Viborg;54;1483
Viborg;55;1469
Viborg;56;1428
Viborg;57;1377
Viborg;58;1325
Viborg;59;1302
Viborg;60;1259
Viborg;61;1233
Viborg;62;1231
Viborg;63;1222
Viborg;64;1215
Viborg;65;1173
Viborg;66;1190
Viborg;67;1150
Viborg;68;1178
Viborg;69;1020
Viborg;70;1090
Viborg;71;1034
Viborg;72;1022
Viborg;73;1033
Viborg;74;1084
Viborg;75;1123
Viborg;76;971
Viborg;77;905
Viborg;78;789
Viborg;79;728
Viborg;80;653
Viborg;81;585
Viborg;82;551
Viborg;83;499
Viborg;84;439
Viborg;85;402
Viborg;86;328
Viborg;87;319
Viborg;88;232
Viborg;89;216
Viborg;90;196
Viborg;91;154
Viborg;92;131
Viborg;93;92
Viborg;94;79
Viborg;95;58
Viborg;96;44
Viborg;97;31
Viborg;98;27
Viborg;99;14
Viborg;100;8
Viborg;101;5
Viborg;102;5
Viborg;103;4
Viborg;104;2
Viborg;105;0
Viborg;106;0
Viborg;107;1
Viborg;108;0
Viborg;109;0
Viborg;110;0
Viborg;111;0
Viborg;112;0
Viborg;113;0
Viborg;114;0
Viborg;115;0
Viborg;116;0
Viborg;117;0
Viborg;118;0
Viborg;119;0
Viborg;120;0
Viborg;121;0
Viborg;122;0
Viborg;123;0
Viborg;124;0
Viborg;125;0
Viborg;Subtotal;76297
Subtotal;18;32830
Subtotal;19;33528
Subtotal;20;35672
Subtotal;21;37230
Subtotal;22;38416
Subtotal;23;38738
Subtotal;24;40018
Subtotal;25;38182
Subtotal;26;39218
Subtotal;27;37246
Subtotal;28;37188
Subtotal;29;36044
Subtotal;30;35656
Subtotal;31;34704
Subtotal;32;33768
Subtotal;33;32506
Subtotal;34;31776
Subtotal;35;30844
Subtotal;36;29878
Subtotal;37;29218
Subtotal;38;28764
Subtotal;39;29392
Subtotal;40;29852
Subtotal;41;30692
Subtotal;42;31186
Subtotal;43;32546
Subtotal;44;31954
Subtotal;45;33894
Subtotal;46;35544
Subtotal;47;34220
Subtotal;48;34884
Subtotal;49;36556
Subtotal;50;35374
Subtotal;51;34048
Subtotal;52;34058
Subtotal;53;35022
Subtotal;54;37398
Subtotal;55;38026
Subtotal;56;37688
Subtotal;57;36328
Subtotal;58;35112
Subtotal;59;33844
Subtotal;60;32410
Subtotal;61;31978
Subtotal;62;31226
Subtotal;63;30808
Subtotal;64;30940
Subtotal;65;30502
Subtotal;66;29864
Subtotal;67;29578
Subtotal;68;29746
Subtotal;69;28522
Subtotal;70;27774
Subtotal;71;28000
Subtotal;72;27280
Subtotal;73;27672
Subtotal;74;28602
Subtotal;75;28636
Subtotal;76;25726
Subtotal;77;23642
Subtotal;78;20666
Subtotal;79;18782
Subtotal;80;16210
Subtotal;81;15286
Subtotal;82;13808
Subtotal;83;12828
Subtotal;84;11454
Subtotal;85;9966
Subtotal;86;8818
Subtotal;87;7356
Subtotal;88;6022
Subtotal;89;5278
Subtotal;90;4462
Subtotal;91;3720
Subtotal;92;3060
Subtotal;93;2394
Subtotal;94;1896
Subtotal;95;1512
Subtotal;96;1088
Subtotal;97;802
Subtotal;98;506
Subtotal;99;340
Subtotal;100;200
Subtotal;101;152
Subtotal;102;72
Subtotal;103;50
Subtotal;104;10
Subtotal;105;14
Subtotal;106;4
Subtotal;107;4
Subtotal;108;0
Subtotal;109;0
Subtotal;110;0
Subtotal;111;2
Subtotal;112;0
Subtotal;113;0
Subtotal;114;0
Subtotal;115;0
Subtotal;116;0
Subtotal;117;0
Subtotal;118;0
Subtotal;119;0
Subtotal;120;0
Subtotal;121;0
Subtotal;122;0
Subtotal;123;0
Subtotal;124;0
Subtotal;125;0
Subtotal;Subtotal;2138710